run_name,timestamp,settings.architecture,settings.batch_size,settings.contact_d0,settings.contact_tau,settings.curriculum_epochs,settings.dataset,settings.dt,settings.epochs,settings.gravity,settings.k_over_m,settings.latent_dim,settings.learning_rate,settings.loss_mode,settings.mass,settings.message_passing_layers,settings.multistep,settings.n_train,settings.nearest_neighbors,settings.nodes_per_edge,settings.noise_scale,settings.pos_history,settings.repeat_blocks,settings.rot_noise_scale,settings.scheduler,settings.test_range,settings.train_range,settings.use_drag_baseline,settings.use_wind,settings.val_range,settings.w_diss,settings.w_fluid_reg,settings.w_sparse,metrics.center_error,metrics.angle_error_deg,metrics.floor_penetration,metrics.center_error_std,metrics.angle_error_std,metrics.floor_penetration_std,metrics.phase_center_airborne,metrics.phase_center_contact,metrics.phase_center_settled,metrics.phase_angle_airborne,metrics.phase_angle_contact,metrics.phase_angle_settled,metrics.n_test,metrics.have_wrench_labels,metrics.force_contact_err_airborne,metrics.force_contact_true_airborne,metrics.force_fluid_err_airborne,metrics.force_fluid_true_airborne,metrics.force_contact_err_contact,metrics.force_contact_true_contact,metrics.force_fluid_err_contact,metrics.force_fluid_true_contact,metrics.force_contact_err_settled,metrics.force_contact_true_settled,metrics.force_fluid_err_settled,metrics.force_fluid_true_settled,metrics.force_contact_rms_true,metrics.force_contact_rms_err,metrics.force_contact_err_over_signal,metrics.force_contact_r2,metrics.force_fluid_rms_true,metrics.force_fluid_rms_err,metrics.force_fluid_err_over_signal,metrics.force_fluid_r2,settings.fix_mu,settings.learn_mu,settings.w_fluid_anchor,settings.w_fluid_smooth,settings.w_fluid_torque,metrics.recovered_mu,settings.w_fric_cone,settings.w_fric_dir,settings.w_fric_mag,settings.fix_k,settings.learn_k,metrics.impulse_timing_fraction,metrics.impulse_timing_fraction_std,metrics.impulse_E_frame_over_signal,metrics.impulse_E_frame_over_signal_std,metrics.impulse_E_total_over_signal,metrics.impulse_E_total_over_signal_std,metrics.impulse_n_traj,metrics.recovered_mu_ckpt,metrics.recovered_k_over_m,metrics.final_train_loss,metrics.final_train_loss_std,metrics.final_train_loss_n,metrics.best_val_loss,metrics.best_val_epoch,metrics.total_optimizer_steps,metrics.mu_final,metrics.mu_init,metrics.mu_drift,metrics.mu_tail_slope_per_1k_ep,metrics.k_final,metrics.k_init,metrics.k_drift,metrics.k_tail_slope_per_1k_ep,metrics.raw_diss,metrics.raw_fluid_anchor,metrics.raw_fluid_smooth,metrics.raw_fluid_torque,metrics.diag_align,metrics.diag_align_std,metrics.diag_misalign_deg,metrics.diag_n_epochs,metrics.diag_mu_implied,metrics.diag_mu_implied_std,metrics.diag_gate_frac,metrics.raw_fric_cone,metrics.raw_fric_dir,metrics.raw_fric_mag,metrics.mu_mode,metrics.k_mode,metrics.diag_cancel_slide,metrics.diag_cancel_static,settings.diag_align,settings.diag_align_std,settings.diag_cancel_slide,settings.diag_cancel_static,settings.diag_gate_frac,settings.diag_misalign_deg,settings.diag_mu_implied,settings.diag_mu_implied_std,settings.diag_n_epochs
FIN_W20_LEARNK_2,9/12/2026 3:51,force,512,0.02,0.005,50,/storage/work/mby5170/Contact_GNN_From_Scratch/Mojoco_Contact_Wind_Estimation/data/mojoco_paper_replica_20_wind,0.006756757,10000,,0.0285,128,0.0001,accel,0.37,5,4,256,3,2,1.572e-05,3,1,,,454-568,0-256,FALSE,TRUE,284-454,0,,0,0.061860934,3.026496832961576,0.004010403,0.1262284216705677,3.378128727317275,0.000894709,0.000884139,0.062888903,0.077004404,0.032084378,3.272283318272808,2.997678489912124,114,1,0.003063865,0,0.023927439,0.3732699751853943,0.5774989724159241,1.1998437643051147,0.079135641,0.3314643800258636,0.057227053,1.0117281675338743,0.032044671,0.08233574,0.822507402,0.5320782362342179,0.6468978089733353,0.5815232247454982,0.227606591,0.07184797,0.3156673538934731,0.9003541216858928,,TRUE,0.2,0.03,,0.157600924,1.5,6,1,,TRUE,0.81459509,0.1226846703293818,0.3994008167554155,0.1405320495719872,0.082620597,0.092137931,114,0.157600924,0.029209102,0.1872854956178641,0.006434623,20,0.045054895,5551,490150,0.157600924,0.3006226122379303,-0.143021688,0.001105448,0.029209102,0.028358668,0.000850433,8.177419331332553e-06,,,,,0.967949179,0.041040079,14.54534562892514,20,0.2046695806086063,0.010914983,0.9166776061058044,,,,,,0.010269302,0.036889062,,,,,,,,,
FIN_W0_1,9/12/2026 3:54,force,512,0.02,0.005,50,/storage/work/mby5170/Contact_GNN_From_Scratch/Mojoco_Contact_Wind_Estimation/data/mojoco_paper_replica_0_wind,0.006756757,10000,,0.0285,128,0.0001,accel,0.37,5,4,256,3,2,1.572e-05,3,1,,,454-568,0-256,FALSE,TRUE,284-454,0,,0,0.024812236,2.347058185,0.004211584,0.020064946,4.223906730901543,0.000691152,0.000523656,0.022556626,0.045657158,0.04799978,2.270483743,3.888374908078861,114,1,0.011292161,0,0.01757475,0.005433832,0.4911665618419647,1.2367931604385376,0.06340608,0.001496916,0.025101302,1.008196473121643,0.010453941,1.212168535857927e-05,0.7899587530168546,0.4452081829664637,0.5635840874807861,0.6823729763384496,0.001291902,0.060551053,46.86970529224676,-2195.769274,,TRUE,0.2,0.03,,0.1597584784030914,1.5,6,1,,TRUE,0.8824998043979894,0.052357395,0.3107957809922994,0.1019486602381244,0.036568091,0.021926103,114,0.1597584784030914,4.061550862388685e-05,0.043562757,0.001164965,20,0.025399217,5791,490150,0.1597584784030914,0.3008771240711212,-0.141118646,-0.000102666,4.061550862388685e-05,0.028647378,-0.028606763,-2.29E-05,,,,,0.996241909,0.000613223,4.968866911886687,20,0.1814488664269447,0.003681346,0.7840699344873429,,,,,,0.016128252,0.051676926,,,,,,,,,
FIN_W0_3,9/12/2026 3:56,force,512,0.02,0.005,50,/storage/work/mby5170/Contact_GNN_From_Scratch/Mojoco_Contact_Wind_Estimation/data/mojoco_paper_replica_0_wind,0.006756757,10000,,0.0285,128,0.0001,accel,0.37,5,4,256,3,2,1.572e-05,3,1,,,454-568,0-256,FALSE,TRUE,284-454,0,,0,0.025408917,2.189724044057361,0.00507395,0.018657475,4.398198366355894,0.000901221,0.000421011,0.022460633,0.04942375,0.036562855,2.1081074387357948,3.669255240354687,114,1,0.010500703,0,0.019437568,0.005433832,0.4540174007415771,1.2367931604385376,0.064382449,0.001496916,0.022504838,1.008196473121643,0.01149392,1.212168535857927e-05,0.7899587530168546,0.4085873479915953,0.5172261797609041,0.7324770789699409,0.001291902,0.059957129,46.40997734,-2152.885997,,TRUE,0.2,0.03,,0.1599932312965393,1.5,6,1,,TRUE,0.8839751088766629,0.052552871,0.2854566612593295,0.078356792,0.03335664,0.018329659,114,0.1599932312965393,1.6760099242674187e-05,0.043758071,0.000525593,20,0.024590957,4831,490150,0.1599932312965393,0.3009381592273712,-0.140944928,-0.000150797,1.6760099242674187e-05,0.028643867,-0.028627107,-7.29E-06,,,,,0.9959398597478868,0.000917551,5.164820102814066,20,0.1812511563301086,0.003099907,0.7804669201374054,,,,,,0.015640848,0.043732664,,,,,,,,,
FIN_W20_LEARNK_1,9/12/2026 3:57,force,512,0.02,0.005,50,/storage/work/mby5170/Contact_GNN_From_Scratch/Mojoco_Contact_Wind_Estimation/data/mojoco_paper_replica_20_wind,0.006756757,10000,,0.0285,128,0.0001,accel,0.37,5,4,256,3,2,1.572e-05,3,1,,,454-568,0-256,FALSE,TRUE,284-454,0,,0,0.052560022,3.564064782178193,0.004078851,0.088125219,7.098335656867444,0.000829325,0.000636746,0.052295706,0.085289856,0.030638009,3.674345638929752,4.320709245722918,114,1,0.005103626,0,0.017534601,0.3732699751853943,0.5737789869308472,1.1998437643051147,0.075850122,0.3314643800258636,0.055163164,1.0117281675338743,0.027619125,0.08233574,0.822507402,0.5305168790649798,0.6449995194681047,0.58397562,0.227606591,0.069342259,0.3046583956780144,0.9071832619428984,,TRUE,0.2,0.03,,0.1565979868173599,1.5,6,1,,TRUE,0.8290827742501761,0.1045777588325055,0.4017497287628302,0.1512772518871915,0.076716691,0.087840839,114,0.1565979868173599,0.029212592,0.1952530539841676,0.008358096,20,0.044654126,9761,490150,0.1565979868173599,0.3008107244968414,-0.144212738,0.000411551,0.029212592,0.028355483,0.000857109,4.753088976806522e-06,,,,,0.9750432908535004,0.023414771,12.82740076911751,20,0.2097099192440509,0.016348374,0.9145784080028534,,,,,,0.008696564,0.027290418,,,,,,,,,
FIN_W5_2,9/12/2026 3:59,force,512,0.02,0.005,50,/storage/work/mby5170/Contact_GNN_From_Scratch/Mojoco_Contact_Wind_Estimation/data/mojoco_paper_replica_5_wind,0.006756757,10000,,0.0285,128,0.0001,accel,0.37,5,4,256,3,2,1.572e-05,3,1,,,454-568,0-256,FALSE,TRUE,284-454,0,,0,0.030872814,2.2334454598134026,0.004590407,0.025667955,3.597591315561068,0.000847656,0.000474009,0.026341899,0.060116503,0.033932957,2.110602197939889,3.4567875293064483,114,1,0.009343101,0,0.018347939,0.03034509,0.4739706218242645,1.2369046211242676,0.067188472,0.024640784,0.032182403,1.007684588432312,0.011116636,0.020596845,0.7867917587624821,0.4179127655185432,0.5311605782143219,0.7178684401510271,0.018533345,0.061702098,3.3292477716718456,-10.08389073,,TRUE,0.2,0.03,,0.1587571054697036,1.5,6,1,,TRUE,0.8818884726767977,0.049910744,0.3009212893113605,0.088943341,0.035325475,0.019366921,114,0.1587571054697036,0.027114982,0.043968242,0.000293709,20,0.026913636,4461,490150,0.1587571054697036,0.3006220161914825,-0.141864911,3.5408355835290165e-05,0.027114982,0.028358653,-0.001243671,-0.000129962,,,,,0.9959479570388794,0.000737497,5.159663847782967,20,0.1796475633978843,0.003417314,0.7754712104797363,,,,,,0.015229678,0.03987752,,,,,,,,,
FIN_W5_1,9/12/2026 4:04,force,512,0.02,0.005,50,/storage/work/mby5170/Contact_GNN_From_Scratch/Mojoco_Contact_Wind_Estimation/data/mojoco_paper_replica_5_wind,0.006756757,10000,,0.0285,128,0.0001,accel,0.37,5,4,256,3,2,1.572e-05,3,1,,,454-568,0-256,FALSE,TRUE,284-454,0,,0,0.028531398,2.1129155283172927,0.004170519,0.022919602,1.7758973863356675,0.000835261,0.00061606,0.025871573,0.049603416,0.032104473,2.1218549779109788,2.940546343,114,1,0.010215989,0,0.016743027,0.03034509,0.5197269320487976,1.2369046211242676,0.062726468,0.024640784,0.024470003,1.007684588432312,0.009805082,0.020596845,0.7867917587624821,0.4585324816985525,0.5827876011560704,0.660358612,0.018533345,0.057922033,3.125287544176025,-8.767422234,,TRUE,0.2,0.03,,0.158647671,1.5,6,1,,TRUE,0.886999253,0.048456433,0.3278401584867171,0.096819854,0.036897325,0.018537215,114,0.158647671,0.027239351,0.044615519,0.000562681,20,0.027237651,8691,490150,0.158647671,0.3008006513118744,-0.14215298,-0.000185742,0.027239351,0.028361892,-0.001122542,-6.13E-05,,,,,0.9960306048393248,0.000834328,5.106737799995571,20,0.1793177753686904,0.002876529,0.7747325152158737,,,,,,0.015417106,0.040683785,,,,,,,,,
FIN_W10_2,9/12/2026 4:04,force,512,0.02,0.005,50,/storage/work/mby5170/Contact_GNN_From_Scratch/Mojoco_Contact_Wind_Estimation/data/mojoco_paper_replica_10_wind,0.006756757,10000,,0.0285,128,0.0001,accel,0.37,5,4,256,3,2,1.572e-05,3,1,,,454-568,0-256,FALSE,TRUE,284-454,0,,0,0.029626291,2.548857239124022,0.004337482,0.022732001,4.933619675218158,0.000946477,0.000458151,0.028920053,0.049121921,0.03512928,2.6142913270414923,3.2637916182848943,114,1,0.009033355,0,0.015290905,0.1012820601463317,0.4519751667976379,1.2126494646072388,0.061395846,0.1018624603748321,0.0412581,1.0127291679382324,0.017255314,0.071144119,0.7891786603801416,0.4398617734667073,0.5573665325096717,0.689342548,0.07377889,0.061194889,0.8294362882008898,0.3120354438155306,,TRUE,0.2,0.03,,0.1586918979883194,1.5,6,1,,TRUE,0.8615354011366313,0.060116912,0.3133879867605447,0.099695674,0.042875815,0.02390937,114,0.1586918979883194,0.027479231,0.050001242,0.000752545,20,0.029174871,7481,490150,0.1586918979883194,0.3006690740585327,-0.141977176,-3.32E-05,0.027479231,0.02835682,-0.000877589,-3.53E-05,,,,,0.99578619,0.000731102,5.261719884904586,20,0.1812477380037307,0.004085234,0.8200856953859329,,,,,,0.010734618,0.026074961,,,,,,,,,
FIN_W20_FIXK_2,9/12/2026 4:05,force,512,0.02,0.005,50,/storage/work/mby5170/Contact_GNN_From_Scratch/Mojoco_Contact_Wind_Estimation/data/mojoco_paper_replica_20_wind,0.006756757,10000,,0.0285,128,0.0001,accel,0.37,5,4,256,3,2,1.572e-05,3,1,,,454-568,0-256,TRUE,TRUE,284-454,0,,0,0.062923463,4.458579398822367,0.004049174,0.2043242421207055,9.188881875939378,0.000918943,0.000654576,0.064316984,0.063174656,0.022657064,4.731208784276979,4.618806148,114,1,0.004007535,0,0.018586067,0.3732699751853943,0.5928418636322021,1.1998437643051147,0.076982774,0.3314643800258636,0.059420295,1.0117281675338743,0.020836884,0.08233574,0.822507402,0.542927278,0.6600880140917392,0.5642838136524239,0.227606591,0.085534104,0.3757980087471296,0.8587758566216923,,TRUE,0.2,0.03,,0.1573420912027359,1.5,6,1,,FALSE,0.8270396859395537,0.1222382282117007,0.4065862062331031,0.1498164791480987,0.078602565,0.085627658,114,0.1573420912027359,0.028500004,0.1913408101745405,0.008836525,20,0.043844903,7741,490150,0.1573420912027359,0.3006830215454101,-0.14334093,0.000746274,,,,,,,,,0.9836728692054748,0.015925794,10.367767309209816,20,0.1940265290439128,0.01427848,0.9149032801389694,,,,,,0.009168563,0.025436566,,,,,,,,,
FIN_W10_3,9/12/2026 4:09,force,512,0.02,0.005,50,/storage/work/mby5170/Contact_GNN_From_Scratch/Mojoco_Contact_Wind_Estimation/data/mojoco_paper_replica_10_wind,0.006756757,10000,,0.0285,128,0.0001,accel,0.37,5,4,256,3,2,1.572e-05,3,1,,,454-568,0-256,FALSE,TRUE,284-454,0,,0,0.034178945,2.945065077721027,0.004115638,0.042045298,6.727933414619252,0.000841428,0.000525525,0.031956177,0.056589649,0.038080979,2.961311591952516,4.258612792438536,114,1,0.007888194,0,0.01446351,0.1012820601463317,0.4437125921249389,1.2126494646072388,0.060857985,0.1018624603748321,0.038827818,1.0127291679382324,0.015850028,0.071144119,0.7891786603801416,0.429038221,0.5436515744853674,0.704442966,0.07377889,0.060794055,0.8240033827272549,0.321018425,,TRUE,0.2,0.03,,0.1586509793996811,1.5,6,1,,TRUE,0.8733047001691258,0.056182474,0.310783124,0.1007855577293565,0.038925828,0.022041302,114,0.1586509793996811,0.027400587,0.050153809,0.000434464,20,0.027609225,8071,490150,0.1586509793996811,0.3006515800952911,-0.142000601,-4.52E-05,0.027400587,0.028357072,-0.000956485,-4.08E-05,,,,,0.9960053622722626,0.000652956,5.122960492871033,20,0.1821013756096363,0.003303786,0.8292441189289093,,,,,,0.010235255,0.021701604,,,,,,,,,
FIN_W20_D3_1,9/12/2026 4:12,force,512,0.02,0.005,50,/storage/work/mby5170/Contact_GNN_From_Scratch/Mojoco_Contact_Wind_Estimation/data/mojoco_paper_replica_20_wind,0.006756757,10000,,0.0285,128,0.0001,accel,0.37,5,4,256,3,2,1.572e-05,3,1,,,454-568,0-256,TRUE,TRUE,284-454,0,,0,0.054482723,2.891307901002859,0.003967325,0.1287852245918334,4.189452843,0.000836559,0.000665157,0.056023495,0.059420872,0.020756017,3.1223032932009613,2.603836836382037,114,1,0.003714155,0,0.018844336,0.3732699751853943,0.5681599974632263,1.1998437643051147,0.073385559,0.3314643800258636,0.074938305,1.0117281675338743,0.036265027,0.08233574,0.822507402,0.51690682,0.6284524837606524,0.6050474756550669,0.227606591,0.07052585,0.3098585559521351,0.9039876753032576,,TRUE,0.1,0.03,,0.1570146679878235,1.5,3,1,,FALSE,0.8375795691547193,0.0996145,0.3991964843417963,0.1507145436947509,0.070445612,0.076523327,114,0.1570146679878235,0.028500004,0.1758015334986302,0.007663788,20,0.040338381,9061,490150,0.1570146679878235,0.3008663654327392,-0.143851697,0.000547478,,,,,,,,,0.9733035326004028,0.01840194,13.268916776672542,20,0.1930920392274856,0.010135055,0.9125067085027696,,,,,,0.01462978,0.033956489,,,,,,,,,
FIN_W20_LEARNK_3,9/12/2026 4:13,force,512,0.02,0.005,50,/storage/work/mby5170/Contact_GNN_From_Scratch/Mojoco_Contact_Wind_Estimation/data/mojoco_paper_replica_20_wind,0.006756757,10000,,0.0285,128,0.0001,accel,0.37,5,4,256,3,2,1.572e-05,3,1,,,454-568,0-256,FALSE,TRUE,284-454,0,,0,0.058329097,3.643243309306471,0.003989559,0.094666913,6.873841317273209,0.00086425,0.00076969,0.060185883,0.067799318,0.027215096,3.993968981792007,2.415343785569781,114,1,0.005719447,0,0.021174353,0.3732699751853943,0.5659180283546448,1.1998437643051147,0.078990407,0.3314643800258636,0.056720875,1.0117281675338743,0.029985404,0.08233574,0.822507402,0.5192275408957279,0.6312740038782634,0.6014931320275063,0.227606591,0.073649161,0.323580968,0.8952953569253521,,TRUE,0.2,0.03,,0.1564901620149612,1.5,6,1,,TRUE,0.8285890734435893,0.1013234520041408,0.394685799,0.1475825414349097,0.071674494,0.067754011,114,0.1564901620149612,0.029164845,0.2003516713499415,0.013909207,20,0.048131495,9251,490150,0.1564901620149612,0.3005514442920685,-0.144061282,0.0009026,0.029164845,0.028357537,0.000807308,3.209097448123702e-05,,,,,0.9806215822696686,0.021367631,11.297975284523403,20,0.2001630239188671,0.013681676,0.917881927,,,,,,0.008545301,0.024023422,,,,,,,,,
FIN_PAPER_3,9/12/2026 4:14,force,512,0.02,0.005,50,/storage/work/mby5170/Contact_GNN_From_Scratch/Mojoco_Contact_Wind_Estimation/data/tosses_processed,0.006756757,10000,,0.0285,128,0.0001,accel,0.37,5,4,256,3,2,1.572e-05,3,1,,,454-568,0-256,FALSE,TRUE,284-454,0,,0,0.079944854,8.126518591977002,0.013845816,0.050833307,8.756580127586858,0.003280087,0.001068951,0.067656014,0.1571029873662873,0.1014208896589037,7.630742064693518,13.702029074362496,114,0,,,,,,,,,,,,,,,,,,,,,,TRUE,0.2,0.03,,0.1559964716434478,1.5,6,1,,TRUE,,,,,,,,0.1559964716434478,8.104032076516887e-07,0.065947087,0.000661589,20,0.065349556,2471,490150,0.1559964716434478,0.3006990551948547,-0.144702584,-0.000483301,8.104032076516887e-07,0.028647957,-0.028647147,-8.90E-08,,,,,0.9913527727127076,0.002824281,7.540315507128344,20,0.1909028686583042,0.006097468,0.7867711305618286,,,,,,0.015895456,0.032474556,,,,,,,,,
FIN_W20_D3_3,9/12/2026 4:15,force,512,0.02,0.005,50,/storage/work/mby5170/Contact_GNN_From_Scratch/Mojoco_Contact_Wind_Estimation/data/mojoco_paper_replica_20_wind,0.006756757,10000,,0.0285,128,0.0001,accel,0.37,5,4,256,3,2,1.572e-05,3,1,,,454-568,0-256,TRUE,TRUE,284-454,0,,0,0.050890276,2.799531988,0.0037765,0.1080458458512503,5.463673442694588,0.00072333,0.000554359,0.051498431,0.066690285,0.019402354,3.0507152605997887,2.6329247316434268,114,1,0.004174864,0,0.014339332,0.3732699751853943,0.5622932314872742,1.1998437643051147,0.079981744,0.3314643800258636,0.05528006,1.0117281675338743,0.030650474,0.08233574,0.822507402,0.5133738207947526,0.6241570830012418,0.6104279357393809,0.227606591,0.075253589,0.3306300972079299,0.8906837388202749,,TRUE,0.1,0.03,,0.1552698463201522,1.5,3,1,,FALSE,0.8255367711329812,0.1105049030821988,0.3901649717718342,0.1400481858405758,0.074793656,0.080150677,114,0.1552698463201522,0.028500004,0.1782501678989858,0.011490897,20,0.040252325,9361,490150,0.1552698463201522,0.3009529411792755,-0.145683095,0.000128309,,,,,,,,,0.9737551122903824,0.022945715,13.15571411765343,20,0.2010720424354076,0.010407807,0.9149280369281768,,,,,,0.011314605,0.03019067,,,,,,,,,
FIN_PAPER_1,9/12/2026 4:18,force,512,0.02,0.005,50,/storage/work/mby5170/Contact_GNN_From_Scratch/Mojoco_Contact_Wind_Estimation/data/tosses_processed,0.006756757,10000,,0.0285,128,0.0001,accel,0.37,5,4,256,3,2,1.572e-05,3,1,,,454-568,0-256,FALSE,TRUE,284-454,0,,0,0.072611742,6.795709928922486,0.016492571,0.050859047,8.862000135580725,0.003717803,0.00093258,0.061170888,0.1394685403231466,0.102725887,6.495693266914602,11.140370764099716,114,0,,,,,,,,,,,,,,,,,,,,,,TRUE,0.2,0.03,,0.1553259640932083,1.5,6,1,,TRUE,,,,,,,,0.1553259640932083,7.77013440256269e-07,0.065484896,0.000552074,20,0.070045311,3531,490150,0.1553259640932083,0.3007333874702453,-0.145407423,-0.000304406,7.77013440256269e-07,0.028651737,-0.02865096,-8.72E-08,,,,,0.9921045899391174,0.00256752,7.204620915361978,20,0.1881121583282947,0.006722727,0.7880061596632004,,,,,,0.0163079,0.032007463,,,,,,,,,
FIN_PAPER_2,9/12/2026 4:19,force,512,0.02,0.005,50,/storage/work/mby5170/Contact_GNN_From_Scratch/Mojoco_Contact_Wind_Estimation/data/tosses_processed,0.006756757,10000,,0.0285,128,0.0001,accel,0.37,5,4,256,3,2,1.572e-05,3,1,,,454-568,0-256,FALSE,TRUE,284-454,0,,0,0.078073373,7.801088842383602,0.015376901,0.054203968,11.070252058439657,0.003521319,0.001082817,0.067921747,0.153676597,0.1110399148326266,7.404442457514897,13.24453550995442,114,0,,,,,,,,,,,,,,,,,,,,,,TRUE,0.2,0.03,,0.1565734595060348,1.5,6,1,,TRUE,,,,,,,,0.1565734595060348,7.291017709576408e-07,0.065324885,0.000509795,20,0.071593736,1981,490150,0.1565734595060348,0.3008068799972534,-0.14423342,-0.000302544,7.291017709576408e-07,0.028642379,-0.02864165,-7.87E-08,,,,,0.9923362672328948,0.001832469,7.097992837719488,20,0.1899917855858802,0.004786181,0.7892607361078262,,,,,,0.016117961,0.033113693,,,,,,,,,
FIN_W20_D3_2,9/12/2026 4:30,force,512,0.02,0.005,50,/storage/work/mby5170/Contact_GNN_From_Scratch/Mojoco_Contact_Wind_Estimation/data/mojoco_paper_replica_20_wind,0.006756757,10000,,0.0285,128,0.0001,accel,0.37,5,4,256,3,2,1.572e-05,3,1,,,454-568,0-256,TRUE,TRUE,284-454,0,,0,0.053430361,3.270729824,0.003953242,0.1550480197202222,6.195116627222156,0.0008961,0.000527963,0.055287559,0.051995165,0.019866924,3.586244690313674,2.5129995353165127,114,1,0.004436836,0,0.013709137,0.3732699751853943,0.5636307597160339,1.1998437643051147,0.071242392,0.3314643800258636,0.058999769,1.0117281675338743,0.028694768,0.08233574,0.822507402,0.5185475642429009,0.630447292,0.6025362120307359,0.227606591,0.067076973,0.2947057562498054,0.9131485172332304,,TRUE,0.1,0.03,,0.1561786234378814,1.5,3,1,,FALSE,0.8375050229937948,0.1024029137600662,0.3973813560635961,0.1305727420374207,0.070797345,0.072252932,114,0.1561786234378814,0.028500004,0.17517791,0.010087353,20,0.038164661,9141,490150,0.1561786234378814,0.3006017208099365,-0.144423097,0.000284216,,,,,,,,,0.960475829,0.027421079,16.16255145625245,20,0.1955693535506725,0.01179653,0.913380715,,,,,,0.014980271,0.04993377,,,,,,,,,
FIN_W10_1,9/12/2026 4:35,force,512,0.02,0.005,50,/storage/work/mby5170/Contact_GNN_From_Scratch/Mojoco_Contact_Wind_Estimation/data/mojoco_paper_replica_10_wind,0.006756757,10000,,0.0285,128,0.0001,accel,0.37,5,4,256,3,2,1.572e-05,3,1,,,454-568,0-256,FALSE,TRUE,284-454,0,,0,0.035788525,3.137431634884132,0.004274693,0.043139676,6.610072601633448,0.000911459,0.00055804,0.03347793,0.062522103,0.0355206,3.0425829168474463,4.694328404573807,114,1,0.008606243,0,0.016979584,0.1012820601463317,0.4630365669727325,1.2126494646072388,0.060454495,0.1018624603748321,0.045930855,1.0127291679382324,0.01715387,0.071144119,0.7891786603801416,0.4484569033263708,0.5682577670186272,0.6770831102230036,0.07377889,0.060599858,0.8213712345452436,0.3253492950616223,,TRUE,0.2,0.03,,0.1586590558290481,1.5,6,1,,TRUE,0.8631759980647767,0.068355578,0.3189734899802766,0.1066555255805799,0.044075416,0.031163832,114,0.1586590558290481,0.027474107,0.050283972,0.000614276,20,0.027896694,9091,490150,0.1586590558290481,0.3007259964942932,-0.142066941,-0.000337173,0.027474107,0.028357215,-0.000883108,-3.50E-05,,,,,0.995722869,0.000802909,5.301134464612239,20,0.1808947622776031,0.003405494,0.8254120290279389,,,,,,0.011849453,0.027226883,,,,,,,,,
FIN_W0_2,9/12/2026 4:37,force,512,0.02,0.005,50,/storage/work/mby5170/Contact_GNN_From_Scratch/Mojoco_Contact_Wind_Estimation/data/mojoco_paper_replica_0_wind,0.006756757,10000,,0.0285,128,0.0001,accel,0.37,5,4,256,3,2,1.572e-05,3,1,,,454-568,0-256,FALSE,TRUE,284-454,0,,0,0.02677928,2.693343303574805,0.004005886,0.022173169,6.0699640210150685,0.000785171,0.000382545,0.023346109,0.051316174,0.032104642,2.542628438849198,4.620517993545426,114,1,0.010237213,0,0.015018673,0.005433832,0.4874771237373352,1.2367931604385376,0.062789418,0.001496916,0.026841315,1.008196473121643,0.008962636,1.212168535857927e-05,0.7899587530168546,0.4368172890101325,0.5529621481399202,0.694232863,0.001291902,0.05934607,45.936985006353225,-2109.206591,,TRUE,0.2,0.03,,0.159521535,1.5,6,1,,TRUE,0.8885883272994518,0.045853543,0.3077067443951207,0.085919472,0.034198562,0.017543967,114,0.159521535,0.00038214,0.043797035,0.000486429,20,0.025316369,5671,490150,0.159521535,0.3004867136478424,-0.140965179,-0.00028959,0.00038214,0.028552352,-0.028170211,-9.81E-05,,,,,0.9959501802921296,0.000905778,5.158247208097116,20,0.1797337271273136,0.002864616,0.7800546497106552,,,,,,0.012972411,0.044892891,,,,,,,,,
FIN_W20_FIXK_1,9/12/2026 4:39,force,512,0.02,0.005,50,/storage/work/mby5170/Contact_GNN_From_Scratch/Mojoco_Contact_Wind_Estimation/data/mojoco_paper_replica_20_wind,0.006756757,10000,,0.0285,128,0.0001,accel,0.37,5,4,256,3,2,1.572e-05,3,1,,,454-568,0-256,TRUE,TRUE,284-454,0,,0,0.051661668,3.377454047793882,0.00407289,0.1332729762494749,5.894816218,0.000824624,0.000485239,0.052631457,0.062406648,0.021670931,3.661893786045543,2.5200236460992267,114,1,0.00584875,0,0.016022282,0.3732699751853943,0.5833761096000671,1.1998437643051147,0.071781881,0.3314643800258636,0.053224817,1.0117281675338743,0.029612485,0.08233574,0.822507402,0.5331010275395472,0.6481413130473551,0.5799128383212504,0.227606591,0.072637724,0.3191371728670041,0.898151465,,TRUE,0.2,0.03,,0.1583504825830459,1.5,6,1,,FALSE,0.8305672761520505,0.1177437689859824,0.4019419392356334,0.1451812792961362,0.07624373,0.0887513,114,0.1583504825830459,0.028500004,0.1914640235809647,0.009984896,20,0.036953051,9331,490150,0.1583504825830459,0.3009479641914367,-0.142597482,0.000607354,,,,,,,,,0.9772093892097472,0.025540376,12.25586307584216,20,0.2016529656946659,0.012131733,0.9109385192394256,,,,,,0.00952985,0.033538111,,,,,,,,,
FIN_W5_3,9/12/2026 4:41,force,512,0.02,0.005,50,/storage/work/mby5170/Contact_GNN_From_Scratch/Mojoco_Contact_Wind_Estimation/data/mojoco_paper_replica_5_wind,0.006756757,10000,,0.0285,128,0.0001,accel,0.37,5,4,256,3,2,1.572e-05,3,1,,,454-568,0-256,FALSE,TRUE,284-454,0,,0,0.027117294,2.0585679968720987,0.004361043,0.02136407,1.9416596529089485,0.000924371,0.000405076,0.023956055,0.048424201,0.036303645,2.0294706197945693,2.920971725,114,1,0.006781884,0,0.01241428,0.03034509,0.4816146194934845,1.2369046211242676,0.063888222,0.024640784,0.024940124,1.007684588432312,0.010264977,0.020596845,0.7867917587624821,0.4362977522906282,0.5545276083939493,0.6924991315288869,0.018533345,0.060999761,3.2913518840795994,-9.832997225,,TRUE,0.2,0.03,,0.1585845798254013,1.5,6,1,,TRUE,0.8743612645741299,0.056238519,0.3036727661566374,0.1003892781091597,0.037867755,0.022444332,114,0.1585845798254013,0.027635587,0.044137991,0.000243819,20,0.02631736,5331,490150,0.1585845798254013,0.301006943,-0.142422363,-6.13E-05,0.027635587,0.02836347,-0.000727883,-8.04E-05,,,,,0.9961750388145448,0.000930921,5.012907299886848,20,0.1785469241440296,0.002311493,0.7768167555332184,,,,,,0.014483047,0.036816475,,,,,,,,,
FIN_W20_FIXK_3,9/12/2026 4:50,force,512,0.02,0.005,50,/storage/work/mby5170/Contact_GNN_From_Scratch/Mojoco_Contact_Wind_Estimation/data/mojoco_paper_replica_20_wind,0.006756757,10000,,0.0285,128,0.0001,accel,0.37,5,4,256,3,2,1.572e-05,3,1,,,454-568,0-256,TRUE,TRUE,284-454,0,,0,0.053900246,3.682610218,0.003715635,0.1217862729245497,6.303369968554003,0.000829028,0.000598724,0.055029888,0.065619688,0.021085879,4.016814540352738,3.0054704761576083,114,1,0.005664453,0,0.01823682,0.3732699751853943,0.5577448010444641,1.1998437643051147,0.071257539,0.3314643800258636,0.048590612,1.0117281675338743,0.024261178,0.08233574,0.822507402,0.5087570190409664,0.618544001,0.6174033192173507,0.227606591,0.068581652,0.3013166338807823,0.9092082861467544,,TRUE,0.2,0.03,,0.1583611816167831,1.5,6,1,,FALSE,0.8261358983206538,0.1089702431634232,0.3855036167350298,0.1410658879022459,0.073029338,0.075738418,114,0.1583611816167831,0.028500004,0.1873439367176318,0.005954769,20,0.040674418,8941,490150,0.1583611816167831,0.3006452620029449,-0.14228408,0.000887694,,,,,,,,,0.982595995,0.018593562,10.705183609362704,20,0.2040038719773292,0.013521294,0.917962572,,,,,,0.010868822,0.028565113,,,,,,,,,
FIN_Wind_Blind_W_20_1,9/13/2026 23:33,force,512,0.02,0.005,50,/storage/work/mby5170/Contact_GNN_From_Scratch/Mojoco_Contact_Wind_Estimation/data/mojoco_paper_replica_20_wind,0.006756757,10000,None,0.0285,128,0.0001,accel,0.37,5,4,256,3,2,1.572e-05,3,1,None,None,454-568,0-256,FALSE,FALSE,284-454,0,,0,1.681313684700351,8.163583492108604,0.003692893,3.5301791349087583,12.226304329957015,0.000762932,0.006953308,1.419690888178976,2.6916680269475495,0.037200974,8.322459015,7.860001093929722,114,1,0.002799942,0,0.188496396,0.3732699751853943,0.6743376851081848,1.1998437643051147,0.4164998531341553,0.33146438002586365,0.25758880376815796,1.0117281675338745,0.29418712854385376,0.08233574,0.822507402,0.6080285650966746,0.7392378033314204,0.45352747012573624,0.22760659127598504,0.29676996960701774,1.3038724754994833,-0.700083432,None,TRUE,0,0.03,,0.15366289019584656,1.5,6,1,None,FALSE,0.5100035450349643,0.14070320215862805,0.4615619116727013,0.12018122714681129,0.22919422993273714,0.096429867,114,0.15366289019584656,0.028500004,0.18792626797696765,0.008315205,20,1.4107679527033778,781,490150,0.15366289019584656,0.30074697732925415,-0.147084087,-0.000421631,,,,,,,,,0.9944881439208985,0.001243073,6.018472041948395,20,0.16998420879244805,0.004128025,0.9121080219745636,,,,,,0.012280503753572702,0.056798809487372634,0.9944881439208985,0.001243073,0.012280503753572702,0.056798809487372634,0.9121080219745636,6.018472041948395,0.16998420879244805,0.004128025,20
FIN_Wind_Blind_W_20_2,9/13/2026 23:37,force,512,0.02,0.005,50,/storage/work/mby5170/Contact_GNN_From_Scratch/Mojoco_Contact_Wind_Estimation/data/mojoco_paper_replica_20_wind,0.006756757,10000,None,0.0285,128,0.0001,accel,0.37,5,4,256,3,2,1.572e-05,3,1,None,None,454-568,0-256,FALSE,FALSE,284-454,0,,0,1.9257955828256774,10.68308638166963,0.004398039,3.9469689569676016,13.765442509968228,0.001045867,0.007586745,1.6221895700222568,3.3896118217990514,0.039662762553439486,11.046020202207984,12.191989620526632,114,1,0.003681737,0,0.20510850846767426,0.3732699751853943,0.694598913,1.1998437643051147,0.4488748013973236,0.33146438002586365,0.3243209421634674,1.0117281675338745,0.35976195335388184,0.08233574,0.822507402,0.610035389,0.741677689,0.4499142061248961,0.22760659127598504,0.31033387009239427,1.363466094512606,-0.859039791,None,TRUE,0,0.03,,0.1538499891757965,1.5,6,1,None,FALSE,0.4967713037517792,0.12640082290810045,0.4761907648671086,0.11979259820293901,0.24123100392593216,0.090679321,114,0.1538499891757965,0.028500004,0.1855637985300653,0.009928943,20,1.591367777875241,481,490150,0.1538499891757965,0.3003498315811157,-0.146499842,-0.000572536,,,,,,,,,0.9940745025873184,0.001443246,6.2404329443818005,20,0.16941211149096488,0.002920165,0.9137861847877502,,,,,,0.012277163984254002,0.065014255,0.9940745025873184,0.001443246,0.012277163984254002,0.065014255,0.9137861847877502,6.2404329443818005,0.16941211149096488,0.002920165,20
FIN_Wind_Blind_W_20_3,9/13/2026 23:37,force,512,0.02,0.005,50,/storage/work/mby5170/Contact_GNN_From_Scratch/Mojoco_Contact_Wind_Estimation/data/mojoco_paper_replica_20_wind,0.006756757,10000,None,0.0285,128,0.0001,accel,0.37,5,4,256,3,2,1.572e-05,3,1,None,None,454-568,0-256,FALSE,FALSE,284-454,0,,0,1.694858182548431,9.320114039015351,0.004335025,3.386375472917457,13.64262945795918,0.001675821,0.005733133,1.4424118470531284,2.885379452790533,0.039183048313265446,9.324379827108299,10.057358605521065,114,1,0.003654522,0,0.16107217967510223,0.3732699751853943,0.6528078317642212,1.1998437643051147,0.4094417989253998,0.33146438002586365,0.26651787757873535,1.0117281675338745,0.28151044249534607,0.08233574,0.822507402,0.5776447505523562,0.7022973278177411,0.5067784633400603,0.22760659127598504,0.27996566810481743,1.2300420059687298,-0.513003336,None,TRUE,0,0.03,,0.15332496166229248,1.5,6,1,None,FALSE,0.518264271,0.12840353679760239,0.4496489588842038,0.12109896331423346,0.22032151073771397,0.093682514,114,0.15332496166229248,0.028500004,0.18497492285559375,0.006779855,20,1.4047545528915875,511,490150,0.15332496166229248,0.30082637071609497,-0.147501409,-0.000292595,,,,,,,,,0.9944441020488739,0.001309876,6.042491387907772,20,0.171890689,0.00421694,0.9163896679878235,,,,,,0.010186403105035425,0.065141123,0.9944441020488739,0.001309876,0.010186403105035425,0.065141123,0.9163896679878235,6.042491387907772,0.171890689,0.00421694,20
FIN_Wind_Blind_W_10_3,9/13/2026 23:58,force,512,0.02,0.005,50,/storage/work/mby5170/Contact_GNN_From_Scratch/Mojoco_Contact_Wind_Estimation/data/mojoco_paper_replica_10_wind,0.006756757,10000,None,0.0285,128,0.0001,accel,0.37,5,4,256,3,2,1.572e-05,3,1,None,None,454-568,0-256,FALSE,FALSE,284-454,0,,0,0.6572621577304968,6.159460363158009,0.008807622,0.9786296106162797,9.233737704809554,0.001367505,0.004615019,0.6056701311874285,0.888231288,0.037287743,6.3567192146652625,7.915648112546152,114,1,0.005713206,0,0.10885430127382278,0.10128206014633179,0.6064813733100891,1.2126494646072388,0.20799686014652252,0.10186246037483215,0.22020137310028076,1.0127291679382324,0.13933703303337097,0.071144119,0.7891786603801416,0.5348026457278506,0.6776699277071684,0.5407634690813612,0.07377889,0.14134886864847024,1.9158443299826105,-2.670459497,None,TRUE,0,0.03,,0.14844654500484467,1.5,6,1,None,FALSE,0.6314513834169833,0.1354778266697046,0.4250983708395004,0.10129991201268503,0.157007121,0.070435214,114,0.14844654500484467,0.028500004,0.055848665421410496,0.001134609,20,0.5049297897692989,151,490150,0.14844654500484467,0.3007641136646271,-0.152317569,-0.000367124,,,,,,,,,0.9967554420232773,0.000329276,4.616713179,20,0.16413903385400772,0.002632927,0.8273750841617584,,,,,,0.016401261,0.068762371,0.9967554420232773,0.000329276,0.016401261,0.068762371,0.8273750841617584,4.616713179,0.16413903385400772,0.002632927,20
FIN_Wind_Blind_W_5_3,9/14/2026 0:11,force,512,0.02,0.005,50,/storage/work/mby5170/Contact_GNN_From_Scratch/Mojoco_Contact_Wind_Estimation/data/mojoco_paper_replica_5_wind,0.006756757,10000,None,0.0285,128,0.0001,accel,0.37,5,4,256,3,2,1.572e-05,3,1,None,None,454-568,0-256,FALSE,FALSE,284-454,0,,0,0.1411659836589375,2.7349563962534855,0.004294502,0.10098452427736802,2.326462249451374,0.000880784,0.001450474,0.11607891471500982,0.26299132218546406,0.026506308015217788,2.8053743800050333,3.905315280055665,114,1,0.003675479,0,0.034140203,0.030345089733600616,0.5637626051902771,1.2369046211242676,0.1939762532711029,0.024640783667564392,0.082639955,1.007684588432312,0.046152454,0.020596845,0.7867917587624821,0.5062500322630246,0.6434358604102413,0.5859902935381326,0.018533345165745205,0.19198295807648835,10.358786088510692,-106.3044492,None,TRUE,0,0.03,,0.14559149742126465,1.5,6,1,None,FALSE,0.6225841585405187,0.089230268,0.3645713556059945,0.086134304,0.13583745516486884,0.042184043,114,0.14559149742126465,0.028500004,0.043091686088971945,0.000300012,20,0.14937470214550985,361,490150,0.14559149742126465,0.3007872998714447,-0.155195802,-0.000402854,,,,,,,,,0.9979435861110687,0.000279509,3.6750846480674326,20,0.15785372704267503,0.002352723,0.7780695706605911,,,,,,0.016913911,0.061549735,0.9979435861110687,0.000279509,0.016913911,0.061549735,0.7780695706605911,3.6750846480674326,0.15785372704267503,0.002352723,20
FIN_Wind_Blind_W_0_1,9/14/2026 0:18,force,512,0.02,0.005,50,/storage/work/mby5170/Contact_GNN_From_Scratch/Mojoco_Contact_Wind_Estimation/data/mojoco_paper_replica_0_wind,0.006756757,10000,None,0.0285,128,0.0001,accel,0.37,5,4,256,3,2,1.572e-05,3,1,None,None,454-568,0-256,FALSE,FALSE,284-454,0,,0,0.026672170724180575,1.612953953,0.004200573,0.019997903051848755,1.5021389806140855,0.00074173,0.000631863,0.023011961,0.05117902,0.033827399,1.606178408782733,2.4445963171643337,114,1,0.008445028,0,0.015570184215903282,0.005433832,0.5203359723091125,1.2367931604385376,0.17507848143577576,0.001496916,0.14805816113948822,1.008196473121643,0.14762862026691437,1.212168535857927e-05,0.7899587530168546,0.45459170653539926,0.5754625856088211,0.6688428125644101,0.001291902,0.12160683017314926,94.13009437303973,-8859.474667,None,TRUE,0,0.03,,0.14638495445251465,1.5,6,1,None,FALSE,0.6496760711891705,0.088308299,0.3507756053237989,0.082020951,0.11716037630949219,0.015809276836192033,114,0.14638495445251465,0.028500004,0.040487616,0.000484042,20,0.026145021,9091,490150,0.14638495445251465,0.300613672,-0.154228717,-0.000729622,,,,,,,,,0.9981161713600158,0.000368718,3.5174386345360853,20,0.15698634833097458,0.003579965,0.7853661388158798,,,,,,0.01571394,0.059745250083506105,0.9981161713600158,0.000368718,0.01571394,0.059745250083506105,0.7853661388158798,3.5174386345360853,0.15698634833097458,0.003579965,20
FIN_Wind_Blind_W_0_2,9/14/2026 0:23,force,512,0.02,0.005,50,/storage/work/mby5170/Contact_GNN_From_Scratch/Mojoco_Contact_Wind_Estimation/data/mojoco_paper_replica_0_wind,0.006756757,10000,None,0.0285,128,0.0001,accel,0.37,5,4,256,3,2,1.572e-05,3,1,None,None,454-568,0-256,FALSE,FALSE,284-454,0,,0,0.022211397,2.055128880302634,0.004625374,0.01504634,2.1146932292910847,0.000793101,0.000439453,0.020208871,0.04049554,0.031366169,2.0485332906246185,3.126902764397008,114,1,0.013956393115222454,0,0.022729860618710518,0.005433832,0.5560516715049744,1.2367931604385376,0.21441587805747986,0.001496916,0.258618563,1.008196473121643,0.2579110264778137,1.212168535857927e-05,0.7899587530168546,0.4627911227282801,0.5858421353784353,0.656788992,0.001291902,0.14621233963826252,113.1760552,-12807.81948,None,TRUE,0,0.03,,0.14329907298088074,1.5,6,1,None,FALSE,0.5780239979868578,0.10942610630186832,0.3860389557545852,0.08795236,0.1555857093640114,0.024786910143260694,114,0.14329907298088074,0.028500004,0.040085753,0.000546093,20,0.026013843578231687,6341,490150,0.14329907298088074,0.3008432686328888,-0.157544196,-0.000648585,,,,,,,,,0.9983433723449707,0.000250883,3.2984511556682485,20,0.1528661847114563,0.00235698,0.788589022,,,,,,0.012627096194773913,0.045320341177284715,0.9983433723449707,0.000250883,0.012627096194773913,0.045320341177284715,0.788589022,3.2984511556682485,0.1528661847114563,0.00235698,20
FIN_Wind_Blind_W_0_3,9/14/2026 0:24,force,512,0.02,0.005,50,/storage/work/mby5170/Contact_GNN_From_Scratch/Mojoco_Contact_Wind_Estimation/data/mojoco_paper_replica_0_wind,0.006756757,10000,None,0.0285,128,0.0001,accel,0.37,5,4,256,3,2,1.572e-05,3,1,None,None,454-568,0-256,FALSE,FALSE,284-454,0,,0,0.030569528,3.143311742758542,0.004861424,0.025409091868681028,6.787378632,0.000777686,0.000572964,0.026759757014939135,0.058521786787813265,0.036371459,2.9989775029713646,5.40141947,114,1,0.005422319,0,0.016369182616472244,0.005433832,0.5606660842895508,1.2367931604385376,0.19661422073841095,0.001496916,0.20365239679813385,1.008196473121643,0.19889631867408752,1.212168535857927e-05,0.7899587530168546,0.4781223229172933,0.6052497311933602,0.6336727628903651,0.001291902,0.141464025,109.50060988049489,-11989.38356,None,TRUE,0,0.03,,0.1444483995437622,1.5,6,1,None,FALSE,0.6135841007418767,0.095004123,0.38309873081085805,0.085100847,0.14193513971723876,0.020801984,114,0.1444483995437622,0.028500004,0.039995049,0.000460393,20,0.025279954883872587,4911,490150,0.1444483995437622,0.30064427852630615,-0.156195879,-0.000513499,,,,,,,,,0.9983059912919998,0.000277361,3.335467986936954,20,0.15360186919569968,0.002031744,0.7893035680055618,,,,,,0.014207621244713664,0.039815181773155926,0.9983059912919998,0.000277361,0.014207621244713664,0.039815181773155926,0.7893035680055618,3.335467986936954,0.15360186919569968,0.002031744,20
FIN_Wind_Blind_W_5_1,9/14/2026 0:27,force,512,0.02,0.005,50,/storage/work/mby5170/Contact_GNN_From_Scratch/Mojoco_Contact_Wind_Estimation/data/mojoco_paper_replica_5_wind,0.006756757,10000,None,0.0285,128,0.0001,accel,0.37,5,4,256,3,2,1.572e-05,3,1,None,None,454-568,0-256,FALSE,FALSE,284-454,0,,0,0.15380668214505963,4.494571155623386,0.008972097,0.095555458,6.447519329235983,0.001172794,0.00151703,0.12845079122895472,0.2819989113593284,0.031807703679209355,4.359844001238806,7.492976300874535,114,1,0.005765144,0,0.036201645,0.030345089733600616,0.6036004424095154,1.2369046211242676,0.16717183589935303,0.024640783667564392,0.23041687905788422,1.007684588432312,0.2040245085954666,0.020596845,0.7867917587624821,0.5008211135953399,0.63653579,0.5948221882659374,0.018533345165745205,0.11677420056286864,6.3007621947655705,-38.69960423,None,TRUE,0,0.03,,0.14657941460609436,1.5,6,1,None,FALSE,0.6572704960929281,0.10932512735134577,0.40556159174421064,0.080821077,0.133187308,0.032656139,114,0.14657941460609436,0.028500004,0.043873846,0.000556176,20,0.1497655603377258,161,490150,0.14657941460609436,0.30056822299957275,-0.153988808,-0.000475058,,,,,,,,,0.9978379130363464,0.000452808,3.7683608995433007,20,0.15847137793898583,0.002932875,0.7757772862911224,,,,,,0.017477814760059118,0.076509812,0.9978379130363464,0.000452808,0.017477814760059118,0.076509812,0.7757772862911224,3.7683608995433007,0.15847137793898583,0.002932875,20
FIN_Wind_Blind_W_10_2,9/14/2026 0:36,force,512,0.02,0.005,50,/storage/work/mby5170/Contact_GNN_From_Scratch/Mojoco_Contact_Wind_Estimation/data/mojoco_paper_replica_10_wind,0.006756757,10000,None,0.0285,128,0.0001,accel,0.37,5,4,256,3,2,1.572e-05,3,1,None,None,454-568,0-256,FALSE,FALSE,284-454,0,,0,0.7937564023100493,6.086404696891182,0.003257445,2.1769448682584858,10.72164680470419,0.000817571,0.004630854,0.642252584,1.5273012521106806,0.036888238,6.034873329756553,9.165073963,114,1,0.006090278,0,0.10875357687473297,0.10128206014633179,0.6039246320724487,1.2126494646072388,0.244506374,0.10186246037483215,0.2967440187931061,1.0127291679382324,0.2445712387561798,0.071144119,0.7891786603801416,0.515496846,0.6532067727349177,0.5733209120532335,0.07377889,0.16915994704282736,2.2927960336785254,-4.256913652,None,TRUE,0,0.03,,0.14725592732429504,1.5,6,1,None,FALSE,0.5725761034579973,0.13108299509105925,0.4251182968046918,0.095953001,0.17976177377192554,0.068619534,114,0.14725592732429504,0.028500004,0.055731333,0.000880442,20,0.5101997265701785,161,490150,0.14725592732429504,0.300906241,-0.153650314,-0.000301599,,,,,,,,,0.9971909999847413,0.000404077,4.295514748572487,20,0.16090820282697677,0.003219628,0.8252775400876999,,,,,,0.013973681163042784,0.058122995,0.9971909999847413,0.000404077,0.013973681163042784,0.058122995,0.8252775400876999,4.295514748572487,0.16090820282697677,0.003219628,20
FIN_Wind_Infer_W_20_1,9/14/2026 0:37,force,512,0.02,0.005,50,/storage/work/mby5170/Contact_GNN_From_Scratch/Mojoco_Contact_Wind_Estimation/data/mojoco_paper_replica_20_wind,0.006756757,10000,None,0.0285,128,0.0001,accel,0.37,5,4,256,3,2,1.572e-05,3,1,None,None,454-568,0-256,FALSE,FALSE,284-454,0,,0,1.7687329690445934,9.314638906665015,0.004046356,3.503310909529379,12.268076691646892,0.000890318,0.006351395,1.5132390950201897,2.7301593742200305,0.037626577184644634,9.809158122,9.454819139,114,1,0.004322364,0,0.1757981777191162,0.3732699751853943,0.6693032383918762,1.1998437643051147,0.35045039653778076,0.33146438002586365,0.23920704424381256,1.0117281675338745,0.27664241194725037,0.08233574,0.822507402,0.5897777472658701,0.7170485588506109,0.48584136425026203,0.22760659127598504,0.22593223562783094,0.9926436416504131,0.014658601,None,TRUE,0.2,0.03,,0.15622253715991974,1.5,6,1,None,TRUE,0.6190820379943329,0.15153041821443947,0.4535341118705023,0.13492123427504646,0.18025397387864908,0.10580704833497136,114,0.15622253715991974,0.029084885492920876,0.22932621858709928,0.011782948909707814,20,1.4921820381984991,861,490150,0.15622253715991974,0.30044588446617126,-0.144223347,0.000297425,0.029084885492920876,0.028357247,0.000727639,2.482245666990893e-05,,,,,0.9764715641736984,0.026227357,12.453441296501254,20,0.19925735518336296,0.012329532063825114,0.9123428374528885,,,,,,0.014755458105355501,0.058790245,0.9764715641736984,0.026227357,0.014755458105355501,0.058790245,0.9123428374528885,12.453441296501254,0.19925735518336296,0.012329532063825114,20
FIN_Wind_Blind_W_5_2,9/14/2026 0:46,force,512,0.02,0.005,50,/storage/work/mby5170/Contact_GNN_From_Scratch/Mojoco_Contact_Wind_Estimation/data/mojoco_paper_replica_5_wind,0.006756757,10000,None,0.0285,128,0.0001,accel,0.37,5,4,256,3,2,1.572e-05,3,1,None,None,454-568,0-256,FALSE,FALSE,284-454,0,,0,0.14641792957850716,3.679847824861083,0.003890111,0.09943079,6.302106992551569,0.000721274,0.001381809,0.12143291074684576,0.267364663,0.029004258,3.6849417357068313,6.004943599354248,114,1,0.004288143,0,0.032285697758197784,0.030345089733600616,0.5232490301132202,1.2369046211242676,0.18091510236263275,0.024640783667564392,0.11199437081813812,1.007684588432312,0.076535001,0.020596845,0.7867917587624821,0.46742969022793457,0.5940958138188164,0.6470501640029582,0.018533345165745205,0.16563853684006374,8.937325418522393,-78.87578564,None,TRUE,0,0.03,,0.14459647238254547,1.5,6,1,None,FALSE,0.6439297349971016,0.091125003,0.3384736735033428,0.08202984,0.11739538208716717,0.032213641,114,0.14459647238254547,0.028500004,0.043625593,0.000348704,20,0.14853195875116132,281,490150,0.14459647238254547,0.3011097311973572,-0.156513259,-0.000407947,,,,,,,,,0.9978513777256012,0.000331995,3.7566043664034985,20,0.1567666359245777,0.002446707,0.7774218529462814,,,,,,0.016563362954184414,0.057608977798372506,0.9978513777256012,0.000331995,0.016563362954184414,0.057608977798372506,0.7774218529462814,3.7566043664034985,0.1567666359245777,0.002446707,20
FIN_Wind_Blind_W_10_1,9/14/2026 1:07,force,512,0.02,0.005,50,/storage/work/mby5170/Contact_GNN_From_Scratch/Mojoco_Contact_Wind_Estimation/data/mojoco_paper_replica_10_wind,0.006756757,10000,None,0.0285,128,0.0001,accel,0.37,5,4,256,3,2,1.572e-05,3,1,None,None,454-568,0-256,FALSE,FALSE,284-454,0,,0,0.7326631871493239,6.6561495985901145,0.006462965,1.5371018410776438,10.980101743587943,0.002582223,0.004637257,0.6428329608435824,1.147809691838364,0.03934342,6.835287285478492,7.237629206322912,114,1,0.005453965,0,0.10787975788116455,0.10128206014633179,0.6173831820487976,1.2126494646072388,0.22033366560935974,0.10186246037483215,0.24936538934707642,1.0127291679382324,0.20276382565498352,0.071144119,0.7891786603801416,0.5449105360569881,0.690478042,0.5232400737791572,0.07377889,0.14845855603597943,2.0122091215762627,-3.048985549,None,TRUE,0,0.03,,0.1473105400800705,1.5,6,1,None,FALSE,0.6038159800920088,0.12878055606804512,0.4270041910601359,0.08994213,0.16854784261065914,0.066792992,114,0.1473105400800705,0.028500004,0.055338719582223174,0.001108405,20,0.4795368891209364,161,490150,0.1473105400800705,0.300570548,-0.153260008,-0.000323804,,,,,,,,,0.9970297694206238,0.000583688,4.417130878986149,20,0.16425657421350479,0.003250673,0.8236238956451416,,,,,,0.016408653790131213,0.071636363,0.9970297694206238,0.000583688,0.016408653790131213,0.071636363,0.8236238956451416,4.417130878986149,0.16425657421350479,0.003250673,20
FIN_Wind_Infer_W_20_3,9/14/2026 1:21,force,512,0.02,0.005,50,/storage/work/mby5170/Contact_GNN_From_Scratch/Mojoco_Contact_Wind_Estimation/data/mojoco_paper_replica_20_wind,0.006756757,10000,None,0.0285,128,0.0001,accel,0.37,5,4,256,3,2,1.572e-05,3,1,None,None,454-568,0-256,FALSE,FALSE,284-454,0,,0,1.704053262934873,8.374701564772087,0.005022976,3.3625592703575733,10.30068442882145,0.001106261,0.006020701,1.441978073107046,3.0464180012543998,0.044062074,8.383488511,13.73244993956316,114,1,0.004479961,0,0.1671213060617447,0.3732699751853943,0.704256535,1.1998437643051147,0.3429368734359741,0.33146438002586365,0.3092535138130188,1.0117281675338745,0.31390005350112915,0.08233574,0.822507402,0.6250900836696085,0.7599811042803627,0.4224287211368005,0.22760659127598504,0.22147722067192466,0.9730703290722007,0.053134134679319045,None,TRUE,0.2,0.03,,0.15816465020179749,1.5,6,1,None,TRUE,0.6510601948844806,0.13784246067243214,0.49058438807448024,0.11649565371753094,0.17692557665344852,0.094950039,114,0.15816465020179749,0.029178699478507042,0.22512376088725058,0.011523673474088466,20,1.373640284380492,701,490150,0.15816465020179749,0.30037781596183777,-0.142213166,0.000667203,0.029178699478507042,0.028356611728668213,0.000822088,2.0949686525906892e-05,,,,,0.9827550321817398,0.016853427988628218,10.656017454128534,20,0.20249622240662574,0.013485796578727803,0.9173664808273315,,,,,,0.012416962743736803,0.058413567,0.9827550321817398,0.016853427988628218,0.012416962743736803,0.058413567,0.9173664808273315,10.656017454128534,0.20249622240662574,0.013485796578727803,20
FIN_Wind_Infer_W_20_2,9/14/2026 1:54,force,512,0.02,0.005,50,/storage/work/mby5170/Contact_GNN_From_Scratch/Mojoco_Contact_Wind_Estimation/data/mojoco_paper_replica_20_wind,0.006756757,10000,None,0.0285,128,0.0001,accel,0.37,5,4,256,3,2,1.572e-05,3,1,None,None,454-568,0-256,FALSE,FALSE,284-454,0,,0,1.8040361686756736,10.013642486511616,0.004039767,3.6961452435913693,12.94526134535981,0.001025207,0.007156348,1.5731012616633324,2.8161414840391705,0.044397226006195355,10.621448044452752,10.352137616170305,114,1,0.004810326,0,0.20426146686077118,0.3732699751853943,0.7023662328720093,1.1998437643051147,0.34993836283683777,0.33146438002586365,0.23689408600330353,1.0117281675338745,0.2723705470561981,0.08233574,0.822507402,0.6050788655269199,0.7356515747303243,0.4588167605967941,0.22760659127598504,0.22530944220326807,0.9899073701695592,0.020083398483987325,None,TRUE,0.2,0.03,,0.15855807065963745,1.5,6,1,None,TRUE,0.6083137966743778,0.13810131154653105,0.47481101770896594,0.12375473152024655,0.19064759519997382,0.093922333,114,0.15855807065963745,0.029134264215826988,0.22168133268703008,0.008315465,20,1.613268072,481,490150,0.15855807065963745,0.30062559247016907,-0.142067522,0.000379788,0.029134264215826988,0.028356809,0.000777455,1.3146710787130133e-05,,,,,0.9812488287687302,0.017660425089924853,11.113038084240447,20,0.20141968429088591,0.011877484564938983,0.918443763,,,,,,0.010922635,0.053436928801238535,0.9812488287687302,0.017660425089924853,0.010922635,0.053436928801238535,0.918443763,11.113038084240447,0.20141968429088591,0.011877484564938983,20
FIN_Paper_4_train_1,9/14/2026 2:27,force,512,0.02,0.005,50,/storage/work/mby5170/Contact_GNN_From_Scratch/Mojoco_Contact_Wind_Estimation/data/tosses_processed,0.006756757,60000,None,0.0285,128,0.0001,accel,0.37,5,4,4,3,2,1.572e-05,3,1,None,None,454-568,0-4,FALSE,TRUE,284-454,0,,0,0.22097588389327652,22.833035006857756,0.016246567,0.13335431923091481,22.874583644261005,0.029256807472003946,0.003588328,0.19609820857448013,0.4153116203583123,0.23443199877904072,23.263393312169793,32.45108885958529,114,0,,,,,,,,,,,,,,,,,,,,,None,TRUE,0.2,0.03,,0.14431488513946533,1.5,6,1,None,TRUE,,,,,,,,0.14431488513946533,0.00370239,0.10741519257426262,0.028540965,20,0.19469700245296254,28531,60000,0.14431488513946533,0.300029993,-0.155715108,0.000432699,0.00370239,0.028497163206338882,-0.024794774,-0.000365556,,,,,0.9850026160478592,0.002758795,9.935498389,20,0.19812321066856384,0.012641892606315035,0.8300925463438034,,,,,,0.014216974005103111,0.021129529271274806,0.9850026160478592,0.002758795,0.014216974005103111,0.021129529271274806,0.8300925463438034,9.935498389,0.19812321066856384,0.012641892606315035,20
FIN_Paper_4_train_2,9/14/2026 2:33,force,512,0.02,0.005,50,/storage/work/mby5170/Contact_GNN_From_Scratch/Mojoco_Contact_Wind_Estimation/data/tosses_processed,0.006756757,60000,None,0.0285,128,0.0001,accel,0.37,5,4,4,3,2,1.572e-05,3,1,None,None,454-568,8-Apr,FALSE,TRUE,284-454,0,,0,0.21732086024917008,20.86932166,0.031381684665360045,0.12397325022535176,21.705456397825866,0.04261263,0.00498958,0.19057541268697956,0.40059455477616246,0.24449794318292056,20.879629279437818,30.27587122038791,114,0,,,,,,,,,,,,,,,,,,,,,None,TRUE,0.2,0.03,,0.16025902330875397,1.5,6,1,None,TRUE,,,,,,,,0.16025902330875397,0.000988519,0.055802092,0.001927767,20,0.19211487358107288,11931,60000,0.16025902330875397,0.300029993,-0.13977097,0.000372787,0.000988519,0.028497163206338882,-0.027508645,-9.48E-05,,,,,0.992316049,0.000801225,7.107361380343064,20,0.2061995930969715,0.005306855,0.8119374722242355,,,,,,0.011799860373139381,0.011161454,0.992316049,0.000801225,0.011799860373139381,0.011161454,0.8119374722242355,7.107361380343064,0.2061995930969715,0.005306855,20
FIN_Paper_4_train_3,9/14/2026 2:49,force,512,0.02,0.005,50,/storage/work/mby5170/Contact_GNN_From_Scratch/Mojoco_Contact_Wind_Estimation/data/tosses_processed,0.006756757,60000,None,0.0285,128,0.0001,accel,0.37,5,4,4,3,2,1.572e-05,3,1,None,None,454-568,12-Aug,FALSE,TRUE,284-454,0,,0,0.2438942190063627,24.618021921107644,0.058529836,0.14089871332341716,22.93375709483302,0.055150167,0.003182372,0.22068336455706963,0.4367099220684746,0.19934967293630582,24.682324313280876,36.37766831381279,114,0,,,,,,,,,,,,,,,,,,,,,None,TRUE,0.2,0.03,,0.15987549722194672,1.5,6,1,None,TRUE,,,,,,,,0.15987549722194672,0.011150269769132137,0.071194811,0.002672009,20,0.22235337103552677,19271,60000,0.15987549722194672,0.300029993,-0.140154496,-0.000118667,0.011150269769132137,0.028497171,-0.017346901,-0.00053291,,,,,0.9919404178857804,0.000878527,7.279239528861942,20,0.20645027384161949,0.004233714,0.758385244,,,,,,0.015906172059476375,0.024936066754162312,0.9919404178857804,0.000878527,0.015906172059476375,0.024936066754162312,0.758385244,7.279239528861942,0.20645027384161949,0.004233714,20
FIN_Paper_16_train_3,9/14/2026 5:13,force,512,0.02,0.005,50,/storage/work/mby5170/Contact_GNN_From_Scratch/Mojoco_Contact_Wind_Estimation/data/tosses_processed,0.006756757,60000,None,0.0285,128,0.0001,accel,0.37,5,4,16,3,2,1.572e-05,3,1,None,None,454-568,32-48,FALSE,TRUE,284-454,0,,0,0.17192757209730253,14.962481741319623,0.017178275107749198,0.10982484222485461,13.996200092775664,0.007681595,0.001979949,0.14765281650123366,0.3314437195168514,0.19114891314660912,14.572894711243478,24.042808967201335,114,0,,,,,,,,,,,,,,,,,,,,,None,TRUE,0.2,0.03,,0.16041594743728638,1.5,6,1,None,TRUE,,,,,,,,0.16041594743728638,3.3988887935265666e-06,0.046468329,0.001105105,20,0.15671668366035996,3221,180100,0.16041594743728638,0.3001115620136261,-0.139695615,-9.45E-05,3.3988887935265666e-06,0.028497667983174324,-0.028494269,-1.66E-07,,,,,0.9942685514688492,0.000732078,6.137301727274514,20,0.19942111894488335,0.003487346,0.80307762,,,,,,0.015875418297946454,0.028599831648170947,0.9942685514688492,0.000732078,0.015875418297946454,0.028599831648170947,0.80307762,6.137301727274514,0.19942111894488335,0.003487346,20
FIN_Paper_16_train_1,9/14/2026 5:37,force,512,0.02,0.005,50,/storage/work/mby5170/Contact_GNN_From_Scratch/Mojoco_Contact_Wind_Estimation/data/tosses_processed,0.006756757,60000,None,0.0285,128,0.0001,accel,0.37,5,4,16,3,2,1.572e-05,3,1,None,None,454-568,0-16,FALSE,TRUE,284-454,0,,0,0.15932921655149312,16.886259589278907,0.009553507,0.10175997490778203,18.703353293376868,0.006835694,0.002088092,0.13849087510454028,0.30612498382106423,0.15428703823252707,16.32396771824151,27.245182156039956,114,0,,,,,,,,,,,,,,,,,,,,,None,TRUE,0.2,0.03,,0.15408803522586823,1.5,6,1,None,TRUE,,,,,,,,0.15408803522586823,3.5302527976455167e-06,0.054353394,0.002428463,20,0.14625384413144168,981,180100,0.15408803522586823,0.3001153767108917,-0.146027341,-3.18E-05,3.5302527976455167e-06,0.028493319,-0.028489788,-1.82E-07,,,,,0.9924130618572236,0.000870757,7.0622951699454966,20,0.19500827863812448,0.003901546,0.797987962,,,,,,0.016058334335684776,0.030866932,0.9924130618572236,0.000870757,0.016058334335684776,0.030866932,0.797987962,7.0622951699454966,0.19500827863812448,0.003901546,20
FIN_Paper_16_train_2,9/14/2026 6:09,force,512,0.02,0.005,50,/storage/work/mby5170/Contact_GNN_From_Scratch/Mojoco_Contact_Wind_Estimation/data/tosses_processed,0.006756757,60000,None,0.0285,128,0.0001,accel,0.37,5,4,16,3,2,1.572e-05,3,1,None,None,454-568,16-32,FALSE,TRUE,284-454,0,,0,0.1411960828853281,14.906364208773562,0.015372294531660276,0.085139233,13.800799733181977,0.007682666,0.001839787,0.12403959596300856,0.26791003738578995,0.12877398925657207,14.258115304143805,24.732708604712236,114,0,,,,,,,,,,,,,,,,,,,,,None,TRUE,0.2,0.03,,0.15264350175857544,1.5,6,1,None,TRUE,,,,,,,,0.15264350175857544,3.2502432532055536e-06,0.073731568,0.010184468,20,0.13386481864487423,4611,240000,0.15264350175857544,0.3001006543636322,-0.147457153,-0.000130883,3.2502432532055536e-06,0.028490349650382996,-0.028487099,-1.48E-07,,,,,0.9913355886936188,0.004425664,7.5478147976234204,20,0.19133612215518953,0.011560751878039505,0.7989512860774994,,,,,,0.014146428,0.028423468954861163,0.9913355886936188,0.004425664,0.014146428,0.028423468954861163,0.7989512860774994,7.5478147976234204,0.19133612215518953,0.011560751878039505,20
FIN_Paper_128_train_1,9/14/2026 9:31,force,512,0.02,0.005,50,/storage/work/mby5170/Contact_GNN_From_Scratch/Mojoco_Contact_Wind_Estimation/data/tosses_processed,0.006756757,20000,None,0.0285,128,0.0001,accel,0.37,5,4,128,3,2,1.572e-05,3,1,None,None,454-568,0-128,FALSE,TRUE,284-454,0,,0,0.089105612,9.170666566020564,0.013632330929108878,0.061863922,11.31714408044641,0.003881923,0.001341905,0.075175938,0.17759307990618572,0.1323435375559236,8.633328809549933,15.190163198008872,114,0,,,,,,,,,,,,,,,,,,,,,None,TRUE,0.2,0.03,,0.15529295802116394,1.5,6,1,None,TRUE,,,,,,,,0.15529295802116394,6.190674639583449e-07,0.057993143,0.000697199,20,0.079283444,4101,500100,0.15529295802116394,0.3004106879234314,-0.14511773,-0.000233786,6.190674639583449e-07,0.028426252,-0.028425633,-3.30E-08,,,,,0.9929903715848922,0.002339444,6.787957929396145,20,0.1903360292315483,0.005314516,0.7941181421279907,,,,,,0.014499458530917764,0.027800402,0.9929903715848922,0.002339444,0.014499458530917764,0.027800402,0.7941181421279907,6.787957929396145,0.1903360292315483,0.005314516,20
FIN_Paper_128_train_2,9/14/2026 9:36,force,512,0.02,0.005,50,/storage/work/mby5170/Contact_GNN_From_Scratch/Mojoco_Contact_Wind_Estimation/data/tosses_processed,0.006756757,20000,None,0.0285,128,0.0001,accel,0.37,5,4,128,3,2,1.572e-05,3,1,None,None,454-568,78-206,FALSE,TRUE,284-454,0,,0,0.09110208,9.839606139,0.013102605,0.058762612863090785,12.263577855356493,0.003945906,0.001397174,0.078976017,0.17028226455052695,0.11138244111694999,9.266479310236479,16.198115625402384,114,0,,,,,,,,,,,,,,,,,,,,,None,TRUE,0.2,0.03,,0.1548289954662323,1.5,6,1,None,TRUE,,,,,,,,0.1548289954662323,6.076137424315675e-07,0.055264753,0.000575582,20,0.083381756,6441,500100,0.1548289954662323,0.3003584146499634,-0.145529419,-0.000195601,6.076137424315675e-07,0.028423229232430458,-0.028422622,-3.23E-08,,,,,0.99322305,0.002519189,6.674217181784383,20,0.19065204933285712,0.005320015,0.782485494,,,,,,0.019770753011107443,0.045700797345489264,0.99322305,0.002519189,0.019770753011107443,0.045700797345489264,0.782485494,6.674217181784383,0.19065204933285712,0.005320015,20
FIN_Paper_64_train_1,9/14/2026 9:45,force,512,0.02,0.005,50,/storage/work/mby5170/Contact_GNN_From_Scratch/Mojoco_Contact_Wind_Estimation/data/tosses_processed,0.006756757,38000,None,0.0285,128,0.0001,accel,0.37,5,4,64,3,2,1.572e-05,3,1,None,None,454-568,0-64,FALSE,TRUE,284-454,0,,0,0.10891921345242545,11.143606543540955,0.013822485933799231,0.072605998,13.303053444623252,0.004086819,0.001717042,0.095251228,0.21316843300142832,0.14309493851688532,10.421183896692176,18.370845497700206,114,0,,,,,,,,,,,,,,,,,,,,,None,TRUE,0.2,0.03,,0.15637755393981934,1.5,6,1,None,TRUE,,,,,,,,0.15637755393981934,7.368362275883555e-07,0.05320039,0.00061917,20,0.098354245,2151,456100,0.15637755393981934,0.3003110885620117,-0.143933535,-0.000106962,7.368362275883555e-07,0.028522253036499023,-0.028521516,-2.59E-08,,,,,0.9943643718957901,0.001346414,6.085733981019296,20,0.1905351884663105,0.005595433,0.8044566333293914,,,,,,0.014093875512480735,0.025595712,0.9943643718957901,0.001346414,0.014093875512480735,0.025595712,0.8044566333293914,6.085733981019296,0.1905351884663105,0.005595433,20
FIN_Paper_64_train_2,9/14/2026 9:52,force,512,0.02,0.005,50,/storage/work/mby5170/Contact_GNN_From_Scratch/Mojoco_Contact_Wind_Estimation/data/tosses_processed,0.006756757,38000,None,0.0285,128,0.0001,accel,0.37,5,4,64,3,2,1.572e-05,3,1,None,None,454-568,64-128,FALSE,TRUE,284-454,0,,0,0.10369078078094804,11.094564682558962,0.014174366161521328,0.057843257,12.498267902593236,0.005039509,0.001446371,0.090350395,0.194635654,0.12579032765734974,10.609812156150216,18.417946400088177,114,0,,,,,,,,,,,,,,,,,,,,,None,TRUE,0.2,0.03,,0.15268513560295105,1.5,6,1,None,TRUE,,,,,,,,0.15268513560295105,5.251317247711995e-07,0.048498652,0.000574424,20,0.095548375,2501,494000,0.15268513560295105,0.30034804344177246,-0.147662908,-0.000144331,5.251317247711995e-07,0.028521681,-0.028521156,-1.57E-08,,,,,0.993850052,0.001803397,6.357643402754344,20,0.18951525241136552,0.005543592,0.7791349947452545,,,,,,0.01722142,0.038496233,0.993850052,0.001803397,0.01722142,0.038496233,0.7791349947452545,6.357643402754344,0.18951525241136552,0.005543592,20
FIN_Paper_128_train_3,9/14/2026 10:06,force,512,0.02,0.005,50,/storage/work/mby5170/Contact_GNN_From_Scratch/Mojoco_Contact_Wind_Estimation/data/tosses_processed,0.006756757,20000,None,0.0285,128,0.0001,accel,0.37,5,4,128,3,2,1.572e-05,3,1,None,None,454-568,156-284,FALSE,TRUE,284-454,0,,0,0.088146491,10.571337824327903,0.016045634871708195,0.059658639654077486,12.637377203421376,0.003436949,0.001169157,0.076610887,0.162762303,0.1072643824710368,9.729172806467925,17.381899348803255,114,0,,,,,,,,,,,,,,,,,,,,,None,TRUE,0.2,0.03,,0.1585492342710495,1.5,6,1,None,TRUE,,,,,,,,0.1585492342710495,7.643150752301153e-07,0.055048721,0.000533609,20,0.08537125,4651,480100,0.1585492342710495,0.30057045817375183,-0.142021224,-0.000155561,7.643150752301153e-07,0.028561225160956383,-0.028560461,-3.98E-08,,,,,0.9927754610776901,0.001420185,6.891353206254237,20,0.19117123931646346,0.005879731,0.7855093508958817,,,,,,0.01895286,0.037372426,0.9927754610776901,0.001420185,0.01895286,0.037372426,0.7855093508958817,6.891353206254237,0.19117123931646346,0.005879731,20
FIN_Paper_64_train_3,9/14/2026 10:15,force,512,0.02,0.005,50,/storage/work/mby5170/Contact_GNN_From_Scratch/Mojoco_Contact_Wind_Estimation/data/tosses_processed,0.006756757,38000,None,0.0285,128,0.0001,accel,0.37,5,4,64,3,2,1.572e-05,3,1,None,None,454-568,128-192,FALSE,TRUE,284-454,0,,0,0.11344497463780276,11.750872907931345,0.017423017024013557,0.073121803,12.350438755193997,0.005317055,0.001529941,0.097585529,0.21746858032910446,0.12942990483632227,11.040277715314899,19.736013793108757,114,0,,,,,,,,,,,,,,,,,,,,,None,TRUE,0.2,0.03,,0.15603096783161163,1.5,6,1,None,TRUE,,,,,,,,0.15603096783161163,7.423313945764676e-07,0.047889392574628195,0.000528156,20,0.098966948,4031,456050,0.15603096783161163,0.30024468898773193,-0.144213721,-0.000200941,7.423313945764676e-07,0.028463348746299744,-0.028462606,-2.37E-08,,,,,0.9945129126310348,0.001489624,6.004921747474717,20,0.19002165272831917,0.005618567,0.808096182,,,,,,0.016034543,0.025812833,0.9945129126310348,0.001489624,0.016034543,0.025812833,0.808096182,6.004921747474717,0.19002165272831917,0.005618567,20
Paper_Arc_4_train_1,9/15/2026 4:10,accel,512,,,100,/storage/work/mby5170/Contact_GNN_From_Scratch/Mojoco_Contact_Wind_Estimation/data/tosses_processed,,60000,,,128,0.0001,,,5,1,4,3,2,1.572e-05,3,1,,None,454-568,0-4,,FALSE,284-454,,,,0.5889766916894076,47.60329320137961,0.20340401741774067,0.39327121766384543,21.14284838101204,0.10037168636724633,0.020785095,0.5015426496403259,1.0508620370375483,0.304893221,46.24252029050861,74.25728302,114,,,,,,,,,,,,,,,,,,,,,,,,,,,,,,,,,,,,,,,,,,,,,,,,,,,,,,,,,,,,,,,,,,,,,,,,,,,,,,,,,,
Paper_Arc_4_train_3,9/15/2026 4:28,accel,512,,,100,/storage/work/mby5170/Contact_GNN_From_Scratch/Mojoco_Contact_Wind_Estimation/data/tosses_processed,,60000,,,128,0.0001,,,5,1,4,3,2,1.572e-05,3,1,,None,454-568,12-Aug,,FALSE,284-454,,,,0.5759501808829475,45.636832203781395,0.3711051923108467,0.3443869384814616,20.268834063050328,0.24135585133190662,0.035605342,0.5103521420898145,0.9851931560980646,0.49822449750426384,42.30835748973646,75.94540094,114,,,,,,,,,,,,,,,,,,,,,,,,,,,,,,,,,,,,,,,,,,,,,,,,,,,,,,,,,,,,,,,,,,,,,,,,,,,,,,,,,,
Paper_Arc_4_train_2,9/15/2026 4:28,accel,512,,,100,/storage/work/mby5170/Contact_GNN_From_Scratch/Mojoco_Contact_Wind_Estimation/data/tosses_processed,,60000,,,128,0.0001,,,5,1,4,3,2,1.572e-05,3,1,,None,454-568,8-Apr,,FALSE,284-454,,,,0.6770419138565398,44.92004762197796,0.2756545263947102,0.3413545500975864,23.19890576773772,0.10661258551270247,0.019062262422275135,0.6233334141342264,1.1847552181335919,0.42194374891518205,45.06004350227222,65.48097342,114,,,,,,,,,,,,,,,,,,,,,,,,,,,,,,,,,,,,,,,,,,,,,,,,,,,,,,,,,,,,,,,,,,,,,,,,,,,,,,,,,,
Paper_Arc_128_train_1,9/15/2026 4:42,accel,512,,,100,/storage/work/mby5170/Contact_GNN_From_Scratch/Mojoco_Contact_Wind_Estimation/data/tosses_processed,,20000,,,128,0.0001,,,5,1,128,3,2,1.572e-05,3,1,,None,454-568,0-128,,FALSE,284-454,,,,0.11514297313988209,8.547427026326197,0.012296600690062501,0.069230062,8.912927348868813,0.003943028,0.00146046,0.099398523,0.22229785831612453,0.11753690137469151,7.910458499925179,14.433221232472805,114,,,,,,,,,,,,,,,,,,,,,,,,,,,,,,,,,,,,,,,,,,,,,,,,,,,,,,,,,,,,,,,,,,,,,,,,,,,,,,,,,,
Paper_Arc_256_train_2,9/15/2026 4:52,accel,512,,,100,/storage/work/mby5170/Contact_GNN_From_Scratch/Mojoco_Contact_Wind_Estimation/data/tosses_processed,,10000,,,128,0.0001,,,5,1,256,3,2,1.572e-05,3,1,,None,454-568,0-256,,FALSE,284-454,,,,0.10192195530327265,9.348676839418578,0.016227341641002056,0.076582612,9.668913952991334,0.004568523,0.001648521,0.084405903,0.19527480756177715,0.12031448171012574,8.822176444,15.888298070221616,114,,,,,,,,,,,,,,,,,,,,,,,,,,,,,,,,,,,,,,,,,,,,,,,,,,,,,,,,,,,,,,,,,,,,,,,,,,,,,,,,,,
Paper_Arc_256_train_1,9/15/2026 4:53,accel,512,,,100,/storage/work/mby5170/Contact_GNN_From_Scratch/Mojoco_Contact_Wind_Estimation/data/tosses_processed,,10000,,,128,0.0001,,,5,1,256,3,2,1.572e-05,3,1,,None,454-568,0-256,,FALSE,284-454,,,,0.1202628519549443,10.481317229438247,0.013789473416022303,0.11001906307275885,12.373530250352205,0.00363482,0.001452776,0.092578925,0.2361807765014339,0.11765456750468763,9.572758959050764,17.67318220959421,114,,,,,,,,,,,,,,,,,,,,,,,,,,,,,,,,,,,,,,,,,,,,,,,,,,,,,,,,,,,,,,,,,,,,,,,,,,,,,,,,,,
Paper_Arc_128_train_2,9/15/2026 4:54,accel,512,,,100,/storage/work/mby5170/Contact_GNN_From_Scratch/Mojoco_Contact_Wind_Estimation/data/tosses_processed,,20000,,,128,0.0001,,,5,1,128,3,2,1.572e-05,3,1,,None,454-568,78-206,,FALSE,284-454,,,,0.14790150897348658,10.31813802321752,0.014866252413444352,0.15079955923204852,11.237454133482212,0.003764289,0.001984028,0.11408701815168586,0.28381661775015427,0.12811008138951283,9.867671697808985,16.726299221055548,114,,,,,,,,,,,,,,,,,,,,,,,,,,,,,,,,,,,,,,,,,,,,,,,,,,,,,,,,,,,,,,,,,,,,,,,,,,,,,,,,,,
Paper_Arc_128_train_3,9/15/2026 4:57,accel,512,,,100,/storage/work/mby5170/Contact_GNN_From_Scratch/Mojoco_Contact_Wind_Estimation/data/tosses_processed,,20000,,,128,0.0001,,,5,1,128,3,2,1.572e-05,3,1,,None,454-568,156-284,,FALSE,284-454,,,,0.13718106079715908,11.378008348377127,0.014326521354776463,0.11964427232860646,12.970660980023776,0.004223463,0.001651686,0.10967367632608664,0.26241796012771756,0.1118865671970353,10.491371007342087,19.297708388744738,114,,,,,,,,,,,,,,,,,,,,,,,,,,,,,,,,,,,,,,,,,,,,,,,,,,,,,,,,,,,,,,,,,,,,,,,,,,,,,,,,,,
Paper_Arc_16_train_2,9/15/2026 5:02,accel,512,,,100,/storage/work/mby5170/Contact_GNN_From_Scratch/Mojoco_Contact_Wind_Estimation/data/tosses_processed,,60000,,,128,0.0001,,,5,1,16,3,2,1.572e-05,3,1,,None,454-568,16-32,,FALSE,284-454,,,,0.33496285236456935,25.251163198236835,0.018804063447628562,0.2660989856348698,21.676829487891705,0.01447607,0.005077504,0.2728104064927289,0.5944913323445801,0.20684365822455367,25.05023080842537,38.22438667845308,114,,,,,,,,,,,,,,,,,,,,,,,,,,,,,,,,,,,,,,,,,,,,,,,,,,,,,,,,,,,,,,,,,,,,,,,,,,,,,,,,,,
Paper_Arc_256_train_3,9/15/2026 5:03,accel,512,,,100,/storage/work/mby5170/Contact_GNN_From_Scratch/Mojoco_Contact_Wind_Estimation/data/tosses_processed,,10000,,,128,0.0001,,,5,1,256,3,2,1.572e-05,3,1,,None,454-568,0-256,,FALSE,284-454,,,,0.11125111522708546,9.560685450047778,0.010409094235990523,0.075932843,12.31655121593762,0.003182681,0.001255315,0.090694303,0.21924709940427228,0.10985887424835751,8.859493999104751,15.945050930767728,114,,,,,,,,,,,,,,,,,,,,,,,,,,,,,,,,,,,,,,,,,,,,,,,,,,,,,,,,,,,,,,,,,,,,,,,,,,,,,,,,,,
Paper_Arc_64_train_1,9/15/2026 5:09,accel,512,,,100,/storage/work/mby5170/Contact_GNN_From_Scratch/Mojoco_Contact_Wind_Estimation/data/tosses_processed,,38000,,,128,0.0001,,,5,1,64,3,2,1.572e-05,3,1,,None,454-568,0-64,,FALSE,284-454,,,,0.18437754388963967,12.369092773972897,0.012004905,0.1315500928045194,14.026726070692671,0.004545731,0.001785411,0.1510644719298733,0.34684879476563973,0.150103456,11.835374294665822,19.168710255832003,114,,,,,,,,,,,,,,,,,,,,,,,,,,,,,,,,,,,,,,,,,,,,,,,,,,,,,,,,,,,,,,,,,,,,,,,,,,,,,,,,,,
Paper_Arc_16_train_3,9/15/2026 5:15,accel,512,,,100,/storage/work/mby5170/Contact_GNN_From_Scratch/Mojoco_Contact_Wind_Estimation/data/tosses_processed,,60000,,,128,0.0001,,,5,1,16,3,2,1.572e-05,3,1,,None,454-568,32-48,,FALSE,284-454,,,,0.25950248232274725,19.96279821897808,0.012767782435842315,0.28280554839963923,20.201006316517738,0.010470068196079003,0.00456959,0.19881118732716954,0.4525575979302327,0.21622977983877734,19.298243671132806,30.387271591445856,114,,,,,,,,,,,,,,,,,,,,,,,,,,,,,,,,,,,,,,,,,,,,,,,,,,,,,,,,,,,,,,,,,,,,,,,,,,,,,,,,,,
Paper_Arc_64_train_2,9/15/2026 5:25,accel,512,,,100,/storage/work/mby5170/Contact_GNN_From_Scratch/Mojoco_Contact_Wind_Estimation/data/tosses_processed,,38000,,,128,0.0001,,,5,1,64,3,2,1.572e-05,3,1,,None,454-568,64-128,,FALSE,284-454,,,,0.16285369973302932,13.359370749247702,0.013194119251382194,0.165217499,14.628694993658424,0.005492335,0.00182994,0.12571451741090992,0.3163574824861267,0.13393726414656854,12.371790153938427,22.23017764666624,114,,,,,,,,,,,,,,,,,,,,,,,,,,,,,,,,,,,,,,,,,,,,,,,,,,,,,,,,,,,,,,,,,,,,,,,,,,,,,,,,,,
Paper_Arc_16_train_1,9/15/2026 5:27,accel,512,,,100,/storage/work/mby5170/Contact_GNN_From_Scratch/Mojoco_Contact_Wind_Estimation/data/tosses_processed,,60000,,,128,0.0001,,,5,1,16,3,2,1.572e-05,3,1,,None,454-568,0-16,,FALSE,284-454,,,,0.2715140477214989,18.380995847676928,0.019141395218180708,0.2101305192097552,18.63169488271619,0.015343365537653945,0.004455775,0.2372853428844297,0.4510401615448165,0.1807568889899968,17.932070579445153,28.304371966081753,114,,,,,,,,,,,,,,,,,,,,,,,,,,,,,,,,,,,,,,,,,,,,,,,,,,,,,,,,,,,,,,,,,,,,,,,,,,,,,,,,,,
Paper_Arc_64_train_3,9/15/2026 5:47,accel,512,,,100,/storage/work/mby5170/Contact_GNN_From_Scratch/Mojoco_Contact_Wind_Estimation/data/tosses_processed,,38000,,,128,0.0001,,,5,1,64,3,2,1.572e-05,3,1,,None,454-568,128-192,,FALSE,284-454,,,,0.15098544548412687,11.740192122626723,0.014258955887175705,0.096810434,13.114711255028729,0.005398263,0.002416111,0.1264909405359312,0.2839371464623694,0.14357968438248914,11.16415054860868,19.03712507559542,114,,,,,,,,,,,,,,,,,,,,,,,,,,,,,,,,,,,,,,,,,,,,,,,,,,,,,,,,,,,,,,,,,,,,,,,,,,,,,,,,,,
